{
    "os": "macOS-12.2-arm64-arm-64bit",
    "python": "3.8.9",
    "heartbeatAt": "2022-02-01T19:21:25.316357",
    "startedAt": "2022-02-01T19:21:23.965443",
    "docker": null,
    "cpu_count": 8,
    "cuda": null,
    "args": [
        "agent.type=reinforce",
        "env.reward_dist=gaussian",
        "seed=3",
        "wandb_tracking=online"
    ],
    "state": "running",
    "program": "runner.py",
    "git": {
        "remote": "git@github.com:harshraj22/rl_lab.git",
        "commit": "a3031457ba14fae8b90860f576e627d7b32afcbb"
    },
    "email": "harshraj22aug@gmail.com",
    "root": "/Users/harshraj22/Desktop/lab/pro/rl_lab",
    "host": "Harshs-MacBook-Air.local",
    "username": "harshraj22",
    "executable": "/Users/harshraj22/Envs/ppo_env/bin/python3"
}
